time, collision_type, b, v_esc/v_imp, mlr, id_t, m_t_i, id_p, m_p_i,
8.257618e-02,3,4.713466e-04,2.235832e-02,2.469541e-01,0,2.500000e-01,1,2.000000e-01,
8.257618e-02,3,4.713466e-04,2.235832e-02,2.469541e-01,0,2.500000e-01,1,2.000000e-01,
8.257618e-02,3,4.713466e-04,2.235832e-02,2.469541e-01,0,2.500000e-01,1,2.000000e-01,
